{"input->m0": -0.06576351821422577, "m0->m2": -0.03261364623904228, "m0->a4.h6<q>": -0.0400928258895874, "m0->a4.h11<q>": -0.1281680315732956, "a2.h6->a4.h11<q>": -0.030850818380713463, "m2->a4.h11<q>": -0.02928941510617733, "a3.h3->a4.h11<q>": 0.038744568824768066, "a4.h11->m5": 0.10502342879772186, "m0->a6.h6<k>": 0.02154470607638359, "m0->a6.h6<v>": 0.035636674612760544, "a4.h6->a6.h6<v>": -0.0356609970331192, "a4.h11->a6.h5<v>": -0.022211765870451927, "a4.h11->a6.h6<v>": -0.15639890730381012, "a5.h8->a6.h5<v>": -0.03491433709859848, "m5->a6.h6<v>": 0.05360196530818939, "a4.h11->a7.h2<v>": -0.07027088105678558, "a4.h11->a7.h9<v>": -0.04267827793955803, "m5->a7.h2<v>": 0.027638336643576622, "m0->a8.h2<v>": 0.021665839478373528, "m0->a8.h9<v>": -0.3231869637966156, "m2->a8.h9<v>": -0.030484814196825027, "a6.h5->a8.h10<q>": -0.02635985054075718, "a6.h6->a8.h10<q>": -0.06676996499300003, "a7.h2->a8.h10<q>": -0.034322142601013184, "a7.h9->a8.h10<q>": -0.023937134072184563, "m0->a9.h5<k>": 0.041829295456409454, "m0->a9.h5<v>": -0.07191017270088196, "a8.h2->m9": 0.02940925769507885, "a8.h9->a9.h1<v>": 0.036131128668785095, "a8.h9->a9.h5<q>": 0.048267900943756104, "a8.h9->m9": 0.030848324298858643, "a8.h10->a9.h1<v>": 0.03247045353055, "a8.h10->a9.h5<q>": 0.05630526319146156, "a8.h10->m9": 0.09052800387144089, "a8.h9->a10.h1<v>": -0.04087097570300102, "a8.h10->a10.h1<v>": -0.0283844992518425, "a8.h9->m11": -0.053836774080991745, "a8.h10->m11": -0.03486739099025726, "m9->m11": 0.02413305453956127, "a6.h6->logits": 0.022329214960336685, "a8.h2->logits": -0.08912469446659088, "a8.h8->logits": -0.04077190160751343, "a8.h9->logits": -0.33662769198417664, "a8.h10->logits": -0.29345259070396423, "a8.h11->logits": -0.023024005815386772, "a9.h1->logits": 0.09546427428722382, "a9.h5->logits": 0.05984945222735405, "a9.h6->logits": -0.02966706082224846, "a9.h8->logits": -0.02561972662806511, "m9->logits": -0.027513382956385612, "a10.h1->logits": -0.061082873493433, "m10->logits": -0.05255623534321785, "m11->logits": -0.08969970047473907}