{"m0->a4.h6<q>": -0.04008268937468529, "m0->a4.h11<q>": -0.1282166987657547, "a2.h6->a4.h11<q>": -0.030847851186990738, "m2->a4.h11<q>": -0.029290486127138138, "a3.h3->a4.h11<q>": 0.03875793516635895, "m0->a6.h6<k>": 0.02155028097331524, "m0->a6.h6<v>": 0.03563728556036949, "a4.h6->a6.h6<v>": -0.03567521274089813, "a4.h11->a6.h5<v>": -0.02222461625933647, "a4.h11->a6.h6<v>": -0.156443789601326, "a5.h8->a6.h5<v>": -0.034921687096357346, "m5->a6.h6<v>": 0.05360037833452225, "a4.h11->a7.h2<v>": -0.07031110674142838, "a4.h11->a7.h9<v>": -0.042713336646556854, "m5->a7.h2<v>": 0.02764633484184742, "m0->a8.h2<v>": 0.02165079116821289, "m0->a8.h9<v>": -0.3232421576976776, "m2->a8.h9<v>": -0.03049432672560215, "a6.h5->a8.h10<q>": -0.0263721514493227, "a6.h6->a8.h10<q>": -0.0668046772480011, "a7.h2->a8.h10<q>": -0.034343235194683075, "a7.h9->a8.h10<q>": -0.023946594446897507, "m0->a9.h5<k>": 0.041775066405534744, "m0->a9.h5<v>": -0.07189644873142242, "a8.h9->a9.h1<v>": 0.0361274890601635, "a8.h9->a9.h5<q>": 0.0481998547911644, "a8.h10->a9.h1<v>": 0.03245919570326805, "a8.h10->a9.h5<q>": 0.05619454011321068, "a8.h9->a10.h1<v>": -0.04086684435606003, "a8.h10->a10.h1<v>": -0.02837258204817772, "a6.h6->logits": 0.022329552099108696, "a8.h2->logits": -0.08911995589733124, "a8.h8->logits": -0.0407741516828537, "a8.h9->logits": -0.3366325795650482, "a8.h10->logits": -0.2934805750846863, "a8.h11->logits": -0.023025240749120712, "a9.h1->logits": 0.09546224772930145, "a9.h5->logits": 0.05986317619681358, "a9.h6->logits": -0.029678989201784134, "a9.h8->logits": -0.02561737596988678, "m9->logits": -0.02751055359840393, "a10.h1->logits": -0.06108254939317703, "m10->logits": -0.0525599867105484, "m11->logits": -0.08970408886671066}